nom;plateforme
Abettik;blogspot
Acta Est Fabula;perso
Anudar;blogspot
ArcheoSF;blogspot
Arutha;blogspot
BiblioMan(u);blogspot
Blabla;blogspot
Brize;wordpress
Cédric Jeanneret;blogspot
Chemins de Khatovar;perso
Craklou;over-blog
Efelle;canalblog
Elessar;blogspot
Génération sf;hautfort
Giraud Larcher;wordpress
Gizeus;blogspot
Gromovar;blogspot
Henri Bademoude;over-blog
Impromptu;hautfort
InFamous;blogspot
Ionah;blogspot
Isil;over-blog
lael;over-blog
Les Peuples du Soleil;hautfort
Les singes de l'espace;wordpress
Lionel Davoust;perso
Lorhkan;perso
Lune;blogspot
Maëlig;blogspot
Murmures d'AC de Haenne;blogspot
Nébal;over-blog
Naufragés Volontaires;blogspot
Palabres éclectiques;hautfort
Papa Fredo;canalblog
Plume;blogspot
Quadrant Alpha;blogspot
RSF Blog;canalblog
Russkaya Fantastika;hautfort
Sébastien Juillard;perso
Shaya;blogspot
Spocky;blogspot
Thom;perso
Tigger Lilly;blogspot
Traqueur Stellaire;perso
Valunivers;perso
Xapur;wordpress
